image number,alt,article_heading
image_1_1.jpg,Yacht expert breaks down luxury superyacht tragedy after boat capsizes in freak storm: There are always limits,Superyacht victims' cause of death was 'death by confinement' autopsies show: report
image_1_2.jpg,Neda Morvillo and Chris Morvillo in NYC,Superyacht victims' cause of death was 'death by confinement' autopsies show: report
image_1_3.jpg,Jonathan Bloomer speaking,Superyacht victims' cause of death was 'death by confinement' autopsies show: report
image_1_4.jpg,Mike Lynch,Superyacht victims' cause of death was 'death by confinement' autopsies show: report
image_1_5.jpg,Bayesian yacht sinking site off coast of Italy,Superyacht victims' cause of death was 'death by confinement' autopsies show: report
image_2_1.jpg,Escalation with Iran is an 'absolute disaster' brought to you by the Biden admin: Mike Rogers,Iran slammed for record surge in executions of regime opponents: 'true face is on display'
image_2_2.jpg,Executions Tehran dissidents,Iran slammed for record surge in executions of regime opponents: 'true face is on display'
image_2_3.jpg,Iran protest executions,Iran slammed for record surge in executions of regime opponents: 'true face is on display'
image_2_4.jpg,French protester holds poster of Amini,Iran slammed for record surge in executions of regime opponents: 'true face is on display'
image_2_5.jpg,Iranian members of the diaspora activists gathered in front of the German Federal Foreign Office in Berlin during the "United Against Executions in Iran" protest on Jan. 27 2024.,Iran slammed for record surge in executions of regime opponents: 'true face is on display'
image_3_1.jpg,Putin's war against Ukraine will end in 'public humiliation': Vladimir Kara-Murza ,Vladimir Putin to make first ICC member state visit since arrest warrant issued for alleged child abduction
image_3_2.jpg,Putin Russia,Vladimir Putin to make first ICC member state visit since arrest warrant issued for alleged child abduction
image_3_3.jpg,Zelenskyy announces Russian plot to overthrow Moldova,Vladimir Putin to make first ICC member state visit since arrest warrant issued for alleged child abduction
image_3_4.jpg,Summit Iran Raisi,Vladimir Putin to make first ICC member state visit since arrest warrant issued for alleged child abduction
image_4_1.jpg,German police respond after multiple people killed injured in knife attack,German terror attack suspect identified as a Syrian refugee chancellor vows to implement strict immigration
image_4_2.jpg,Fatalities in attack at Solingen city festival,German terror attack suspect identified as a Syrian refugee chancellor vows to implement strict immigration
image_4_3.jpg,Police officers stand near their vans outside a building that is being searched in Solingen Germany,German terror attack suspect identified as a Syrian refugee chancellor vows to implement strict immigration
image_4_4.jpg,Emergency services and police at a stabbing scene in Germany Friday,German terror attack suspect identified as a Syrian refugee chancellor vows to implement strict immigration
image_5_2.jpg,Wells Fargo sign,Wells Fargo employee found dead 4 days after clocking in at work: police
image_6_1.jpg,Archeologists discover 4300-year-old tombs,Boy accidentally destroys 3500-year-old artifact in Israeli museum
image_6_2.jpg,Broken 3500-year-old jar at Hecht Museum in Haifa,Boy accidentally destroys 3500-year-old artifact in Israeli museum
image_6_3.jpg,Remains of a broken 3500-year-old jar,Boy accidentally destroys 3500-year-old artifact in Israeli museum
image_6_4.jpg,A set of jars on display at the Hecht Museum in Haifa,Boy accidentally destroys 3500-year-old artifact in Israeli museum
image_7_1.jpg,Bill Hemmer braves subzero temperatures endless icy landscapes in once-in-a-lifetime Arctic Circle visit,Russia China compete with US for Arctic Circle dominion that could shape international trade for decades
image_7_2.jpg,International seabed claim,Russia China compete with US for Arctic Circle dominion that could shape international trade for decades
image_7_3.jpg,Moscow military expansion,Russia China compete with US for Arctic Circle dominion that could shape international trade for decades
image_7_4.jpg,Davis Straight Arctic,Russia China compete with US for Arctic Circle dominion that could shape international trade for decades
image_8_1.jpg,Yacht expert breaks down luxury superyacht tragedy after boat capsizes in freak storm: 'There are always limits',Luxury yacht sinks: Last body believed to be tech mogul's 18-year-old daughter is found
image_8_2.jpg,Italy Divers Recover Body Yacht Sinks,Luxury yacht sinks: Last body believed to be tech mogul's 18-year-old daughter is found
image_8_3.jpg,Mike Lynch,Luxury yacht sinks: Last body believed to be tech mogul's 18-year-old daughter is found
image_8_4.jpg,scuba divers on the scene jumping into water,Luxury yacht sinks: Last body believed to be tech mogul's 18-year-old daughter is found
image_9_1.jpg,Harley-Davidson accused of going 'woke',Harley-Davidson 'woke' European CEO created culture clash with US biker 'brotherhood' say critics
image_9_2.jpg,Zeitz of Harley-Davidson while making a speech,Harley-Davidson 'woke' European CEO created culture clash with US biker 'brotherhood' say critics
image_9_3.jpg,Harley Davidson motorcycle riders,Harley-Davidson 'woke' European CEO created culture clash with US biker 'brotherhood' say critics
image_9_4.jpg,Harley-Davidson rider,Harley-Davidson 'woke' European CEO created culture clash with US biker 'brotherhood' say critics
image_9_5.jpg,Selma Hayek and Jochen Zeitz,Harley-Davidson 'woke' European CEO created culture clash with US biker 'brotherhood' say critics
image_9_6.jpg,Cindy Crawford Harley-Davidson,Harley-Davidson 'woke' European CEO created culture clash with US biker 'brotherhood' say critics
image_9_7.jpg,Puma sail boat,Harley-Davidson 'woke' European CEO created culture clash with US biker 'brotherhood' say critics
image_9_8.jpg,Jochen Zeitz,Harley-Davidson 'woke' European CEO created culture clash with US biker 'brotherhood' say critics
