Index,Image,Description
1,5e867400-4917-11ef-a168-7982b5cfc27f.jpg.webp,The image depicts a man with a bloody nose  standing in a crowd of people. The man appears to be in distress  possibly due to the injury he has sustained. The crowd of people surrounding him seems to be concerned about the situation  as they are gathered closely around the man.  There are several other individuals in the scene  some of them closer to the man with the bloody nose  while others are further away. The overall atmosphere of the image suggests a sense of urgency and concern for the man's well-being.
2,8a288140-4901-11ef-96a8-e710c6bfc866.jpg.webp,The image features a woman and a young girl standing next to each other. They are both smiling  creating a warm and friendly atmosphere. The woman appears to be the mother of the young girl  as they share a close bond. The scene likely represents a moment of togetherness and happiness between the two.
3,cdd3e9f0-4985-11ef-94ca-096ce5c0c136.jpg.webp,The image features a woman wearing a suit and tie  standing in front of a microphone. She appears to be giving a speech or making an important announcement. The woman is the main focus of the scene  and her attire suggests that she is a professional or an authority figure. The microphone is placed in front of her  emphasizing her role in the event.
4,50a30f00-498b-11ef-aada-8989b38db4a8.jpg.webp,The image depicts a scene of a boat crashing into a wall  possibly a barrier or a fence. The boat is lying on its side  and it appears to be damaged. There are several people in the vicinity  possibly observing the incident or trying to help.  In the background  there is a truck parked  which might be related to the incident or simply coincidental. The overall atmosphere of the scene suggests an accident or an unfortunate event.
5,512b9200-4961-11ef-aeaa-2da197a7b7d2.png.webp,The image features a large blue sign with a picture of a woman on it. The sign is placed in front of a building  possibly a temple or a house. There are two other people in the scene  one standing close to the left side of the sign and the other person standing further to the right.  In addition to the people  there are two handbags visible in the scene. One handbag is located near the left side of the sign  while the other handbag is placed closer to the right side of the sign.
6,0c588b40-4977-11ef-ad93-5fc5c52576d2.jpg.webp,The image depicts a woman walking down a street while holding an umbrella to protect herself from the rain. She is also carrying a handbag  which she is holding in her hand. The scene takes place in a city  with cars parked along the street.  There are multiple cars in the background  with some closer to the foreground and others further away. The woman appears to be the main focus of the scene  as she navigates the rainy city streets.
7,12661190-4938-11ef-94ca-096ce5c0c136.jpg.webp,The image features a woman wearing a white shirt and a black jacket. She is smiling and appears to be enjoying herself. The woman is the main focus of the image  and her attire suggests a professional or formal setting. The scene is set against a backdrop of a city  with a hint of a building visible in the background.
8,6fefb110-4977-11ef-ad93-5fc5c52576d2.jpg.webp,The image features a large  white  inflatable object  possibly a balloon or a kite  floating in the air over a lush green field. The field is filled with green grass  creating a vibrant and serene landscape. The inflatable object appears to be the main focus of the scene  capturing the viewer's attention.
9,234d38e0-4941-11ef-94ca-096ce5c0c136.jpg.webp,The image features a woman standing in front of a podium  giving a speech. She is wearing a suit and appears to be a political figure. The woman is smiling  conveying a sense of confidence and authority. The setting is a stage with a backdrop of red  white  and blue flags  which adds to the political atmosphere of the event.
10,cf708da0-47fe-11ef-9e1c-3b4a473456a6.jpg.webp,The image features a woman wearing a yellow and green sports jersey  likely representing a soccer team. She is smiling and pointing at the camera  expressing her enthusiasm for the sport. The woman appears to be the focal point of the image  with her jersey and her engaging demeanor. The scene likely takes place during a soccer match or practice  with the woman being a key player or a fan of the sport.
11,1dde5150-4874-11ef-b74c-bb483a802c97.jpg.webp,The image features a woman wearing sunglasses and talking on her cell phone. She is standing in a park-like setting  possibly enjoying the outdoors while engaging in a conversation. The woman appears to be smiling  suggesting a pleasant interaction or conversation. The scene captures a moment of connection and communication in a natural environment.
12,483e3c30-490f-11ef-b74c-bb483a802c97.jpg.webp,The image represents a person sitting on a chair  possibly on a train or a platform  with a view of a city in the background. The person is wearing red pants and has their feet up on the chair. The cityscape in the background features a prominent tower  possibly the Eiffel Tower  which is a well-known landmark. The scene captures a moment of relaxation and enjoyment of the city's skyline.
13,ffbda8b0-4922-11ef-96a8-e710c6bfc866.jpg.webp,The image features a man wearing a suit and tie  sitting in a chair and giving a speech. He appears to be an older gentleman  possibly a businessman or a politician. The man is the main focus of the scene  and his attire suggests a professional setting. The overall atmosphere of the image is one of authority and expertise.
14,p0jcb32s.jpg.webp,The image depicts a group of people walking down a path near a body of water. The path is surrounded by greenery  including trees and bushes  creating a serene and natural atmosphere. The people are walking in a line  possibly enjoying a leisurely stroll or a group activity.  In the background  there is a cityscape visible  indicating that the path is located near an urban area. The presence of the cityscape and the natural environment coexisting in the image highlights the contrast between urban life and the tranquility of the natural surroundings.
15,p0j6n4n6.jpg.webp,The image features a group of four people  likely athletes  posing for a photo. They are all wearing matching outfits  which suggests that they might be part of a team or participating in a specific event. The athletes are standing next to each other  with one person on the left  another in the middle  and two more on the right side of the image. They are all dressed in the same attire  which adds a sense of unity and teamwork to the scene.
16,cf22b5b0-4904-11ef-8b75-d7877c28e64f.jpg.webp,The image features two large military airplanes on a runway. One of the airplanes is positioned closer to the foreground  while the other is further back in the scene. Both airplanes have propellers  indicating that they are likely propeller-driven aircraft. The airplanes are situated on a runway  which is a long  flat surface designed for the takeoff and landing of aircraft. The presence of these large military airplanes suggests that they might be involved in military operations or exercises.
17,p0jd44nj.jpg.webp,The image features two well-known comic book characters  Deadpool and Wolverine  standing next to each other in a snowy environment. Both characters are wearing their respective costumes  with Deadpool on the left and Wolverine on the right.  The scene takes place in a snowy field  with a boat visible in the background. The two characters appear to be interacting or possibly preparing for an adventure together.
18,19748350-498c-11ef-87bf-05d36ca5d8b6.jpg.webp,The image features a man standing on a surfboard in the ocean. He is wearing a wetsuit and appears to be enjoying his time in the water. The surfboard is positioned in the middle of the scene  with the man standing on it. The ocean is the main focus of the image  with waves visible in the background. The man's presence on the surfboard suggests that he is either preparing to ride the waves or has just finished a ride.
19,72b39cf0-4980-11ef-87bf-05d36ca5d8b6.jpg.webp,The image features a young man wearing a blue shirt and a tattoo on his arm. He is standing on a field  possibly a soccer field  and appears to be pointing towards something. The man's shirt has the word "infinite" on it  which suggests that he might be a soccer player or a fan of the sport. The scene captures the man's active involvement in the game or event taking place on the field.
20,1982c020-4908-11ef-8b75-d7877c28e64f.jpg.webp,The image features a woman with long  brown hair  wearing a black shirt. She is sitting in front of a microphone  possibly giving a speech or participating in a discussion. The woman appears to be the main focus of the scene  with her eyes looking directly at the camera. The microphone is placed in front of her  emphasizing her role in the event.
21,p0jd20ty.jpg.webp,The image depicts a beautiful  old-fashioned college campus with a mix of historical and modern elements. The campus is surrounded by a lush green garden  featuring a variety of plants and flowers. There are several potted plants placed throughout the scene  adding to the vibrant and colorful atmosphere.  The college campus is characterized by a combination of old-fashioned buildings and modern structures. The buildings are adorned with chimneys  giving the scene a classic and charming feel. The presence of a clock in the scene further emphasizes the historical aspect of the college.  Overall  the image captures the essence of a well-maintained and picturesque college campus  with a harmonious blend of historical and contemporary elements.
22,d64c7c50-348b-11ef-bbe0-29f79e992ddd.jpg.webp,The image features a man wearing a suit and tie  standing on a stage and smiling. He is holding a cell phone in his hand  possibly using it for a presentation or to communicate with someone. The man appears to be enjoying his time on stage  engaging with the audience or sharing information with them. The scene suggests a professional or formal event where the man is the main focus.
23,543c0790-48b7-11ef-b74c-bb483a802c97.jpg.webp,The image features a man wearing a black jacket  standing in front of a building. He appears to be engaged in a conversation  possibly with a reporter or a fellow individual. The man's facial expression suggests that he is making a statement or expressing his opinion.  There are two other people in the scene  one standing close to the man in the black jacket and the other person further away. A cell phone can be seen in the scene  possibly being used during the conversation.
24,c5912f70-4898-11ef-9df7-1ba747fb1c2b.jpg.webp,The image features a mannequin wearing a white shirt with a Tesla logo on it. The mannequin is prominently displayed in the scene  likely in a store or a public space.  There are several people in the image  some of them standing close to the mannequin  while others are positioned further away. The people in the scene seem to be observing or interacting with the mannequin  possibly discussing the Tesla brand or the mannequin itself.
25,p0h74xp9.jpg.webp,The image represents a creative and imaginative scene  where a person is lying on a hammock with a laptop on their lap. The laptop screen is open  and the person appears to be enjoying their time on the hammock. The image also features a handbag placed nearby  adding to the relaxed atmosphere. The overall scene is a playful and unconventional portrayal of a person using technology while enjoying a leisurely moment.
26,p0h74xqg.jpg.webp,The image represents a large  prominent building  possibly the White House  with a reflection of the building in the water. The reflection creates a sense of depth and adds an interesting visual element to the scene. The building's architecture and design are emphasized  making it a focal point in the image.
27,p0jchx86.jpg.webp,The image features a large body of water with several sailboats scattered throughout the scene. The boats are of various sizes and are positioned at different angles  creating a dynamic and lively atmosphere. The water appears to be a deep blue  which contrasts beautifully with the white clouds in the sky. The overall scene conveys a sense of adventure and leisure  as the sailboats navigate the vast expanse of the water.
28,p0jcz5yy.jpg.webp,The image depicts two women running together in a park. They are both wearing sports bras and are actively engaged in the activity. The women are running in a grassy area  possibly participating in a workout or a friendly competition. The scene captures the essence of physical activity and camaraderie between the two women.
29,p0j9bt66.jpg.webp,The image depicts a large city with a mix of old and new architecture. The city is situated near a large body of water  which adds to the picturesque scenery. The cityscape is a blend of old and new buildings  showcasing the city's rich history and modern development.  The city is bustling with activity  as evidenced by the numerous cars and trucks scattered throughout the scene. The vehicles are of various sizes and are dispersed throughout the city  highlighting the city's vibrant atmosphere.  Overall  the image captures the essence of a lively  historic city with a beautiful waterfront setting.
30,3d42e820-4924-11ef-9e1c-3b4a473456a6.jpg.webp,The image depicts a scene of a fire  likely a forest fire  with smoke billowing upwards. A school bus is parked nearby  and a woman is standing on the sidewalk  observing the fire. The school bus is positioned close to the fire  and the woman appears to be watching the fire from a safe distance. The overall atmosphere of the scene suggests a sense of urgency and concern for the well-being of the area.
31,grey-placeholder.png,The image represents a white background  which could be a wall or a piece of paper. It is a simple and clean design  with no other elements or colors present. The white background serves as a neutral and unobtrusive backdrop for other elements or artwork.
32,p0jd26yy.jpg.webp,The image depicts a group of people gathered around a table  possibly at a donation center or a similar location. They are engaged in sorting and organizing clothes  with some of them smiling and enjoying the process. The people are standing around the table  with some of them closer to the table and others further away.  There are several clothes on the table  including a few shirts and a handbag. The scene conveys a sense of community and collaboration as the people work together to help others or contribute to a charitable cause.
33,p0hzj391.jpg.webp,The image features a white plate with a variety of food items on it. The plate is filled with a mix of meat  vegetables  and greens  creating a colorful and appetizing presentation. The food items are spread out across the plate  with some pieces of meat and vegetables placed closer to the edges  while others are more centrally located. The combination of meat  vegetables  and greens suggests a diverse and nutritious meal.
34,p0j53vjd.jpg.webp,The image represents a female gymnast performing a challenging move  possibly a handstand or a flip. She is captured in mid-air  showcasing her athleticism and skill. The scene is set in a darkened room  which adds to the dramatic effect of the gymnast's action. The focus of the image is on the gymnast's body and her impressive display of athletic prowess.
